2024 Lyon College October 1 Career Expo Student Attendance,,
,,
First Name,Last Name,Email Address
Ashley,Abel,ashley.abel@lyon.edu
Kripa,Adhikari,kripa.adhikari@lyon.edu
Shova,Adhikari,shova.adhikari@lyon.edu
Cedric,Allen,cedric.allen@lyon.edu
Seth,Allen,seth.allen@lyon.edu
Emely,Alvarenga,emely.alvarenga@lyon.edu
Cheyenne,Anderson,cheyenne.anderson@lyon.edu
Brayden,Anderson,brayden.anderson@lyon.edu
Charlie,Antonopoulos,charlie.antonopoulos@lyon.edu
Charles,Arnold,charles.arnold@lyon.edu
Sara,Avant,sara.avant@lyon.edu
Sachin,B K,sachin.bk@lyon.edu
Ithyca,Bacon,ithyca.bacon@lyon.edu
Ian,Bailey,ian.bailey@lyon.edu
Katelyn,Balderas,katelyn.balderas@lyon.edu
Alex,Band,alexandra.band@lyon.edu
Richa,Baral,richa.baral@lyon.edu
Allison,Barber,allison.barber@lyon.edu
Joao ,Barros,joao.barros@lyon.edu
Suzanna,Bates,suzanna.bates@lyon.edu
Megan,Bean,megan.bean@lyon.edu
Keeley,Beary,keeley.beary@lyon.edu
Jacob,Belcher,jacob.belcher@lyon.edu
KeKe,Belin,keke.belin@lyon.edu
Karleigh,Bell,karleigh.bell@lyon.edu
Millie,Beller,millie.beller@lyon.edu
Noah,Benton,noah.benton@lyon.edu
Ohnrie,Bergman,ohnrie.bergman@lyon.edu
Emily,Berry,emily.berry@lyon.edu
Montana,Best,montana.best@lyon.edu
Emily,Betzold,emily.betzold@lyon.edu
Anshu,Bhandari,anshu.bhandari@lyon.edu
Tomas,Biasi,tomas.biasi@lyon.edu
Hanna,Birgisdottir,hanna.birgisdottir@lyon.edu
Jessica,Birk,jessica.birk@lyon.edu
Jeremy,Blanchard,jeremy.blanchard@lyon.edu
Jerome,Blanks Jr,jerome.blanksjr@lyon.edu
Bricen,Blaske,bricen.blaske@lyon.edu
Annie,Blevins,annie.blevins@lyon.edu
Katie,Boone,katie.boone@lyon.edu
Will,Bradley,william.bradley@lyon.edu
Timothy,Brady,timothy.brady@lyon.edu
Braden,Bramlett,braden.bramlett@lyon.edu
Leonardo,Branco Reis,leonardo.brancoreis@lyon.edu
Rose,Breckenridge,rose.breckenridge@lyon.edu
Luke,Bridges,luke.bridges@lyon.edu
Nolan,Briley,nolan.briley@lyon.edu
Ava,Briscoe,ava.briscoe@lyon.edu
joshua,brooks,joshua.brooks@lyon.edu
donnie,brooks,donnie.brooks@lyon.edu
Paul,Brown,paul.brown@lyon.edu
Riley,Bullard,riley.bullard@lyon.edu
Gabriel,Burfitt,gabriel.burfitt@lyon.edu
Gabe,Burfitt,Gabriel.burfitt@lyon.edu
William,Burgener,william.burgener@lyon.edu
Lucca,Burger Torres,lucca.torres@lyon.edu
Enoch,Busbin,enoch.busbin@lyon.edu
Amry,Bush,amry.bush@lyon.edu
Gavin,Bush,gavin.bush@lyon.edu
Allison,Byars,allison.byars@lyon.edu
Ethan ,Byler,ethan.byler@lyon.edu
Gavin,Caldwell,gavin.caldwell@lyon.edu
Christopher,Calley,christopher.calley@lyon.edu
Samuel ,Camacho,samuel.camacho@lyon.edu
Khai,Campbell,makhai.campbell@lyon.edu
Tyler,Campbell,tyler.campbell@lyon.edu
Jade ,Campbell,jade.campbell@lyon.edu
Collin,Cantrell,collin.cantrell@lyon.edu
Nina,Carbonell,nina.carbonell@lyon.edu
Armani,Carle,armani.carle@lyon.edu
Claire,Carothers,claire.carothers@lyon.edu
Joseph,carpenter,joseph.carpenter@lyon.edu
Jesalyn,Carpino,jesalyn.carpino@lyon.edu
Deaiveon,Carter,deaiveon.carter@lyon.edu
Briseyda,Castro,briseyda.castro@lyon.edu
Maria,Cervantes,maria.cervantes@lyon.edu
Hannah,Cherwien,hannah.cherwien@lyon.edu
Hosanna,Chhetri,hosanna.chhetri@lyon.edu
Carlos,Chirinos,carlos.chirinos@lyon.edu
Caleb,Clark,caleb.clark@lyon.edu
Audrey,Clayton,audrey.clayton@lyon.edu
Anna,Clayton,anna.clayton@lyon.edu
Madeline,Cleaves,madeline.cleaves@lyon.edu
Dilan,Clingmon,dilan.clingmon@lyon.edu
Kyree,Coleman,kyree.coleman@lyon.edu
Caleb,Collins,caleb.collins@lyon.edu
William,Conkle,william.conkle@lyon.edu
Aiden,Connolly,aiden.connolly@lyon.edu
Dominic,Contreras,dominic.contreras@lyon.edu
Alyssa,Cooan,alyssa.cooan@lyon.edu
Dylan,Coody,dylan.coody@lyon.edu
Brady,Cook,brady.cook@lyon.edu
Zoe,Cooney,zoe.cooney@lyon.edu
Haven,Cooper,haven.cooper@lyon.edu
Haven,Cooper,haven.cooper@lyon.edu
Julia,Corbett,julia.corbett@lyon.edu
Noah,Cordes,noah.cordes@lyon.edu
Yasmin,Corralejo,yasmin.corralejo@lyon.edu
Isaac,Cottle,isaac.cottle@lyon.edu
Kennedy,Cox,kennedy.cox@lyon.edu
Kennedy ,Cox,kennedy.cox@lyon.edu
Chrisrian,Cox ,christian.cox@lyon.edu
Zoey,Craig,zoey.craig@lyon.edu
Timothy,Creekmore,timothy.creekmore@lyon.edu
carter,creppel,carter.creppel@lyon.edu
Morrigan,Crist,morrigan.crist@lyon.edu
Gage,Crites,gage.crites@lyon.edu
Blakeley ,Crow,blakeley.crow@lyon.edu
Cristian,Cruz,cristian.cruz@lyon.edu
Hadley,Cunningham,hadley.cunningham@lyon.edu
Tucker ,Cunningham,samuel.cunningham@lyon.edu
Trinity,Cutbirth,trinity.cutbirth@lyon.edu
Tyler,Davis,tyler.davis@lyon.edu
Tyler,Davis,tyler.davis@lyon.edu
Hannah,Davison,hannah.davison@lyon.edu
cristian,De La Rosa,cristian.delarosa@lyon.edu
Cristian,Del Gobbo,cristian.delgobbo@lyon.edu
nick,dennington,nicholas.dennington@lyon.edu
Da’Myia,Derby,damyia.derby@lyon.edu
Madison,Deroussel,madison.deroussel@lyon.edu
Madison,DeRoussel,madison.deroussel@lyon.edu
Deshaya,Downum,deshaya.downum@lyon.edu
MK,Duffield,mary.duffield@lyon.edu
Nevaeh,Dugger,nevaeh.dugger@lyon.edu
Joshua,Eckhart,joshua.eckhart@lyon.edu
Allyson,Edmonds,allyson.edmonds@lyon.edu
Bethany,Ellis,bethany.ellis@lyon.edu
Eric,Espinosa,eric.espinosa@lyon.edu
Hannah,Farrar,hannah.farrar@lyon.edu
Marti,Flores,marti.flores@lyon.edu
David,Flores,david.flores@lyon.edu
Destinee,Flowers,destinee.flowers@lyon.edu
Madelynn,Fore,madelynn.fore@lyon.edu
Skylar,Foreman,skylar.foreman@lyon.edu
Peyton,Foster,peyton.foster@lyon.edu
Arden,Fraiser,arden.fraiser@lyon.edu
Blair,Francis,blair.francis@lyon.edu
Nataly,Furne,nataly.furne@lyon.edu
Joseph,Galay,joseph.galay@lyon.edu
Nikolas,Gibson,nikolas.gibson@lyon.edu
Chris ,Gibson,Chris.gibson@lyon.edu
Gustavo,Giesbrecht,gustavo.giesbrecht@lyon.edu
Alexander,Gleason,alexander.gleason@lyon.edu
Braden,Glenn,braden.glenn@lyon.edu
Rubi,Gonzalez,rubi.gonzalez@lyon.edu
Rubi ,Gonzalez,rubi.gonzalez@lyon.edu
Julia,Goodwin,julia.goodwin@lyon.edu
Ruben,Guerrero,ruben.guerrero@lyon.edu
Macie,Hackworth,macie.hackworth@lyon.edu
Keilin,Hall,keilin.hall@lyon.edu
Jordan,Hall,jordan.hall@lyon.edu
Lillie,Hall,lillie.hall@lyon.edu
Sean,Hall,sean.hall@lyon.edu
kailee,hancock,kailee.hancock@lyon.edu
Karlin,Hardy,karlin.hardy@lyon.edu
Christina,Harnden,christina.harnden@lyon.edu
Jaaron,Harriott,jaaron.harriott@lyon.edu
Lorenzo,Harris,lorenzo.harris@lyon.edu
Ryan,Harris,ryan.harris@lyon.edu
Wyatt,Harris,wyatt.harris@lyon.edu
Wyatt,Harris,wyatt.harris@lyon.edu
Zach,Harvey,zachariah.harvey@lyon.edu
lily ,Haywood,lily.haywood@lyon.edu
Braden,Hendrix,braden.hendrix@lyon.edu
Emma,Herbold,emma.herbold@lyon.edu
Justin,Hicks,justin.hicks@lyon.edu
Gabriel,hightower,gabriel.hightower@lyon.edu
Destiny ,Hill,destiny.hill@lyon.edu
Earl,Hinley,earl.hinley@lyon.edu
Jacey,Holder,jacey.holder@lyon.edu
Tara,Hooker,tara.hooker@lyon.edu
Ethan,Hopkins,ethan.hopkins@lyon.edu
Ethan,Hopkins,ethan.hopkins@lyon.edu
Madeline,Hopson,madeline.hopson@lyon.edu
Jacob,Horton,jacob.horton@lyon.edu
Paul,Houck,paul.houck@lyon.edu
Ella,Howard,ella.howard@lyon.edu
Mary,Huezo,mary.huezo@lyon.edu
Jayden,Hughes,jayden.hughes@lyon.edu
Katherine,Hunter,katherine.hunter@lyon.edu
Jacob,Hutto,jacob.hutto@lyon.edu
Alora,Huver,alora.huver@lyon.edu
Slade,Inman,slade.inman@lyon.edu
Bryson,Ivory,bryson.ivory@lyon.edu
EJ,Jackson,edward.jackson@lyon.edu
Randy,James,randy.holder@lyon.edu
Faith,James,faith.james@lyon.edu
Andrew,James,andrew.james@lyon.edu
Ambrose,Jeffery,ambrose.jeffery@lyon.edu
David,Jennings,david.jennings1@lyon.edu
Jaylon,Jennings,jaylon.jennings@lyon.edu
Christina,Jeter,christina.jeter@lyon.edu
Christina,Jeter,christina.jeter@lyon.edu
Hattie,Johnson,hattie.johnson@lyon.edu
Emma,Johnson,emma.johnson@lyon.edu
Emma ,Johnson,emma.johnson@lyon.edu
Olivia,jones,olivia.jones@lyon.edu
Jacob,Jones,jacob.jones@lyon.edu
Ashia,Jordan,ashia.jordan@lyon.edu
Mary,Karns,mary.karns@lyon.edu
Natalya,Kaza,natalya.kaza@lyon.edu
Delacey,Kell,delacey.kell@lyon.edu
Sicily,Kentner,sicily.kentner@lyon.edu
Kritika,Khadka,kritika.khadka@lyon.edu
akevia,kimble,akevia.kimble@lyon.edu
Jada ,King,jada-lynn.king@lyon.edu
Brianna,Krantz,brianna.krantz@lyon.edu
Ryan,Kriz,ryan.kriz@lyon.edu
Rupesh,Kuikel,rupesh.kuikel@lyon.edu
Fallon,Lancaster,fallon.lancaster@lyon.edu
Wes,Lange,karl.lange@lyon.edu
Garrett,Lentz,garrett.lentz@lyon.edu
Olivia,Letkey,olivia.letkey@lyon.edu
Logan,Lightner,logan.lightner@lyon.edu
Olivia,Locke,olivia.locke@lyon.edu
Olivia ,Locke,olivia.locke@lyon.edu
Brandon,Lopez,brandon.lopezrodrigu@lyon.edu
Savanna,Lopez,savanna.lopez@lyon.edu
Samantha,Love,samantha.love@lyon.edu
Katelyn,Mace,katelyn.mace@lyon.edu
Callie,Marberry,callie.marberry@lyon.edu
Eli,Marcotte,elijah.marcotte@lyon.edu
Yovani,Marquez,yovani.marquez@lyon.edu
Alexander,Marsh,alexander.marsh@lyon.edu
Abigail,Martin,abigail.martin@lyon.edu
Emily,Martinez,emily.martinez@lyon.edu
Alicia,Martinez,alicia.martinez@lyon.edu
Makenzie,Massey,makenzie.massey@lyon.edu
McKenna,Mayfield,mckenna.mayfield@lyon.edu
Chloe,McCance,chloe.mccance@lyon.edu
Garrett,McClain,garrett.mcclain@lyon.edu
Mattie,McClung,mattie.mcclung@lyon.edu
Riley,McCoy,riley.mccoy@lyon.edu
Ethen,McFadden,ethen.mcfadden@lyon.edu
Jerry,McGehee,jerry.mcgehee@lyon.edu
Bradley,McLemore,bradley.mclemore@lyon.edu
James,McNew,james.mcnew@lyon.edu
Elisabeth,Meadows,elisabeth.meadows@lyon.edu
Henrique,Megale,henrique.arrudasanto@lyon.edu
Kelli,Meythaler,kelli.meythaler@lyon.edu
Kelli ,Meythaler,kelli.meythaler@lyon.edu
Whitney,Mitchell,whitney.mitchell@lyon.edu
Taylor,Mitchell,taylor.mitchell@lyon.edu
Tyler,Mohr,tyler.mohr@lyon.edu
Tyler ,Mohr,Tyler.Mohr@lyon.edu
Reece ,Montgomery,nora.montgomery@lyon.edu
Mackenzie,Moody,mackenzie.moody@lyon.edu
Benjamin,Moore,benjamin.moore@lyon.edu
Bethanny,Moore,bethanny.moore@lyon.edu
La'Kedrin,Moore,lakedrin.moore@lyon.edu
Ben ,Moore,benjamin.moore@lyon.edu
Conrad,Muir,conrad.muir@lyon.edu
morgan,murry,morgan.murry@lyon.edu
Madisen,Nash,madisen.nash@lyon.edu
Eric,Nohr,eric.nohr@lyon.edu
Matheus,Nunes,matheus.nunes@lyon.edu
Matheus,Nunes,matheus.nunes@lyon.edu
Jesi,Odum,jesi.odum@lyon.edu
Erik,Oliveira,erik.oliveira@lyon.edu
harrison,oliver,harrison.oliver@lyon.edu
Chase,Orf,chase.orf@lyon.edu
Collin,Orvin,collin.orvin@lyon.edu
Noah,Osborne,noah.osborne@lyon.edu
Raman,Pandit Chhetri,raman.panditchhetri@lyon.edu
Zoe,Papazoglou,zoe.papazoglou@lyon.edu
Surya,Parajuli,suryapras.parajuli@lyon.edu
Tyee,Parker,tyee.parker@lyon.edu
Cayden,Paschal,cayden.paschal@lyon.edu
Daniel,Pasztor,daniel.pasztor@lyon.edu
Vraj,Patel,vraj.patel@lyon.edu
Brooklyn,Penn,brooklyn.penn@lyon.edu
Manav,Perfecto,manav.perfecto@lyon.edu
Kohen,Phifer,kohen.phifer@lyon.edu
Kayla,Pickle,kayla.pickle@lyon.edu
Cheyanne,Plumley,cheyanne.plumley@lyon.edu
Tanner,Pollett,tanner.pollett@lyon.edu
Aireas,Pompa,aireas.pompa@lyon.edu
Kapil,Poudel,kapil.poudel@lyon.edu
Eric,Powell II,eric.powell@lyon.edu
Ethan,Price,ethan.price@lyon.edu
Caleb,Quigley,caleb.quigley@lyon.edu
Micah,Rangel,micah.rangel@lyon.edu
Landon,Ray,landon.ray@lyon.edu
Elizabeth,Reaves,elizabeth.reaves@lyon.edu
Brianna ,Reed,brianna.reed@lyon.edu
Anushka,Regmi,anushka.regmi@lyon.edu
Brant,Resuriz,brant.resuriz@lyon.edu
Ariel,Reyes,arielseba.reyes@lyon.edu
Isaac,Rice,isaac.rice@lyon.edu
Peyton,Richardson,peyton.richardson@lyon.edu
Luke,Risner,luke.risner1@lyon.edu
Madison,Robb,madison.robb@lyon.edu
Claralea,Roberson,claralea.roberson@lyon.edu
Caiden,Roberts,caiden.roberts@lyon.edu
Avery,Robertson,avery.robertson@lyon.edu
Rebecca,Rodriguez,rebecca.rodriguez@lyon.edu
Tucker,Runion,tucker.runion@lyon.edu
Kylee,Sabella,kylee.sabella@lyon.edu
Aidan,Salazar,aidan.salazar@lyon.edu
Timothy,Sanders,timothy.sanders@lyon.edu
William,Sanders,william.sanders@lyon.edu
Misael,Santiago,misael.santiago@lyon.edu
Diego,Santos,diego.dossantos@lyon.edu
Anthony,schaible,anthony.schaible@lyon.edu
Ethan,Schulz,ethan.schulz@lyon.edu
Jaxon,Scott,jaxon.scott@lyon.edu
Jacquelyn,Scott,jacquelyn.scott@lyon.edu
Ja’Cobi,Seals,jacobi.seals@lyon.edu
Robert,Sebree,robert.sebree@lyon.edu
Angela,Sharp,angela.sharp@lyon.edu
Jackson,Shurley,jackson.shurley@lyon.edu
Ace,Sibley,ace.sibley@lyon.edu
Natalie,Siler,natalie.siler@lyon.edu
Emilee,Simpson,emilee.simpson@lyon.edu
Kyrah,Skelton,kyrah.skelton@lyon.edu
Courtlyn,Smart,courtlyn.smart@lyon.edu
Walker,Smith,walker.smith@lyon.edu
Aoibh,Smyth,aoibh.smyth@lyon.edu
Caroline,Snow,caroline.snow@lyon.edu
Izabel,Soto,izabel.soto@lyon.edu
Xiyiah,Spencer-Cole,xiyiah.spencer-cole@lyon.edu
Carter,Sprague,carter.sprague@lyon.edu
Jessie,Stauffer,jessie.stauffer@lyon.edu
Deondre,Stewart,deondre.stewart@lyon.edu
Kailey,Stigler,kailey.stigler@lyon.edu
Savannah,Stout,savannah.stout@lyon.edu
Riley,Straka,riley.straka@lyon.edu
Bijan,Subedi,bijan.subedi@lyon.edu
Marcus,swift,marcus.swift@lyon.edu
Shmuel,Tabak,shmuel.tabak@lyon.edu
Ashlyn,Tabor,ashlyn.tabor@lyon.edu
Aziza,Takhi,aziza.takhi@lyon.edu
Connor,Taylor,connor.taylor@lyon.edu
Samantha,Taylor,samantha.taylor@lyon.edu
Chasity,Taylor,chasity.taylor@lyon.edu
Samantha,Taylor,Samantha.taylor@lyon.edu
Iñaki,Terra,inaki.terra@lyon.edu
Donna,Terrell,donna.terrell@lyon.edu
Donna ,Terrell,donna.terrell@lyon.edu
Maci,Tharp,maci.tharp@lyon.edu
gabriella,thomas,gabriella.thomas@lyon.edu
Danny ,Thomas,Daniel.thomas@lyon.edu
isabelle,thompson,isabelle.thompson@lyon.edu
Suyog,Timilsina,suyog.timilsina@lyon.edu
Kenzi,Tosh,kenzi.tosh@lyon.edu
Jada,Townsend,jada.townsend@lyon.edu
Emily,Trivitt,emily.trivitt@lyon.edu
Fowler,Trotter,fowler.trotter@lyon.edu
Brody,Tucker,brody.tucker@lyon.edu
Beau,Turner,beau.turner@lyon.edu
Luke,Umfleet,luke.umfleet@lyon.edu
brooks,Vangilder,brooks.vangilder@lyon.edu
kinley,vanmeter,kinley.vanmeter@lyon.edu
Matthew,Vest,matthew.vest@lyon.edu
Maygin,Villneff,maygin.villneff@lyon.edu
Anna,Voth,anna.voth@lyon.edu
Olivia,Wallace,olivia.wallace@lyon.edu
Mikayla,Wallace,mikayla.wallace@lyon.edu
Emily,Walley,emily.walley@lyon.edu
Jewel,Walley,jewel.walley@lyon.edu
Taydem,Ware,taydem.ware@lyon.edu
Kennedy,Warren,kennedy.warren@lyon.edu
Micaiah,West,micaiah.west@lyon.edu
Chance,Wheeler,chance.wheeler@lyon.edu
Sarah,White,sarah.white1@lyon.edu
Emmanuel,White,emmanuel.white@lyon.edu
Elijah,White,elijah.white@lyon.edu
Alexis,Whitley,alexis.whitley@lyon.edu
Atlas,Wilbanks,atlas.wilbanks@lyon.edu
Jonah,Wilkerson,jonah.wilkerson@lyon.edu
colton,will,colt.will@lyon.edu
Madison,Williams,madison.williams@lyon.edu
Treveon,Williams,treveon.williams@lyon.edu
Cynthia,Wilson,cynthia.wilson@lyon.edu
Zachary,Wilson,zach.wilson@lyon.edu
mia,wilson,mia.wilson@lyon.edu
Joanna,Wilson,joanna.wilson@lyon.edu
Michael,Winne,michael.winne@lyon.edu
Thaddeus,Wirges,thaddeus.wirges@lyon.edu
Naveon,Witherspoon,naveon.witherspoon@lyon.edu
Sydney,Wolf,sydney.wolf@lyon.edu
Caeley,Wood,caeley.wood@lyon.edu
Jillian,Wood,jillian.wood@lyon.edu
Keidrick,Wooten,keidrick.wooten@lyon.edu
Trinity,Wright,trinity.wright@lyon.edu
Natalie,Wyatt,natalie.wyatt@lyon.edu
Zachary,Zuelsdorf,zachary.zuelsdorf@lyon.edu
